Date,1,2,3,4,5,Megaball
9/29/2025,14,21,29,32,35,6
9/27/205,14,15,18,26,34,5
9/24/2025,4,6,15,22,36,4
9/21/2025,2,14,15,32,33,1
9/20/2025,4,8,16,26,28,3
9/17/2025,6,10,21,31,34,3
9/15/2025,7,10,18,19,41,5
9/13/2025,4,7,15,30,34,2
9/10/2025,12,22,29,30,41,5
9/8/2025,1,3,20,26,41,6
9/6/2025,3,4,23,26,39,2
9/3/2025,2,3,16,25,33,5
9/1/2025,8,14,16,24,34,3
8/30/2025,1,8,9,16,38,4
8/27/2025,3,5,11,15,25,1
8/25/2025,2,13,19,20,38,5
8/23/2025,10,17,29,36,38,3
8/20/2025,2,3,11,14,38,6
8/18/2025,14,15,18,25,30,1
8/16/2025,5,11,25,31,41,1
8/13/2025,1,2,7,9,21,4
8/11/2025,9,10,31,38,39,3
8/9/2025,12,23,26,37,41,6
8/6/2025,9,12,16,17,36,4
8/4/2025,5,16,29,39,41,1
8/2/2025,1,4,5,9,20,4
7/30/2025,1,2,11,15,27,3
7/28/2025,3,4,5,17,34,1
7/26/2025,15,16,21,24,33,5
7/23/2025,3,4,16,25,31,6
7/21/2025,6,18,20,22,24,5
7/19/2025,5,9,25,34,38,4
7/16/2025,5,17,22,26,37,4
7/14/2025,2,4,34,35,40,3
7/12/2025,13,16,21,22,36,3
7/9/2025,20,23,27,31,32,2
7/7/2025,4,26,29,33,39,3
7/5/2025,4,16,33,40,41,5
7/2/2025,8,10,13,15,17,3
6/30/2025,4,6,26,34,39,2
6/28/2025,5,6,19,20,34,1
6/25/2025,20,25,29,40,41,1
6/23/2025,8,23,24,26,32,5
6/21/2025,11,17,21,29,41,5
6/18/2025,15,19,21,27,35,3
6/16/2025,8,14,25,36,38,1
6/14/2025,19,21,36,38,39,2
6/11/2025,2,4,18,32,33,5
6/9/2025,20,24,27,38,41,6
6/7/2025,5,13,24,34,39,2
6/4/2025,6,8,15,34,37,4
6/2/2025,1,8,10,19,20,1
5/31/2025,6,7,32,39,41,3
5/28/2025,3,19,27,30,36,2
5/26/2025,2,14,16,29,34,1
5/24/2025,4,7,19,38,40,4
5/21/2025,2,20,21,22,26,6
5/19/2025,12,21,22,27,28,4
5/17/2025,9,22,24,27,31,6
5/14/2025,1,7,16,22,38,2
5/12/2025,1,6,15,30,38,1
5/10/2025,3,5,11,18,31,5
5/7/2025,6,29,31,32,41,6
5/5/2025,15,20,24,34,35,4
5/3/2025,1,9,24,29,33,6
4/30/2025,4,9,14,21,29,1
4/28/2025,2,15,17,28,30,3
4/26/2025,9,10,12,16,35,6
4/23/2025,6,19,27,28,41,3
4/21/2025,4,6,18,28,41,4
4/19/2025,9,17,25,36,37,6
4/16/2025,9,11,21,31,38,5
4/14/2025,15,17,20,27,38,2
4/12/2025,16,19,26,27,30,5
4/9/2025,4,14,21,30,37,2
4/7/2025,7,24,26,38,39,6
4/5/2025,6,11,15,22,37,1
4/2/2025,4,13,22,23,36,1
3/31/2025,1,13,14,21,29,2
3/29/2025,4,18,36,37,39,2
3/26/2025,9,11,15,23,40,6
3/24/2025,2,3,4,8,19,6
3/22/2025,2,4,21,22,34,6
3/19/2025,15,24,27,31,36,6
3/17/2025,7,18,21,25,35,3
3/15/2025,12,21,26,30,31,1
3/12/2025,10,12,13,21,30,6
3/10/2025,3,16,24,35,41,2
3/8/2025,10,12,17,19,40,6
3/5/2025,1,3,18,30,40,6
3/3/2025,9,10,29,32,40,4
3/1/2025,7,26,30,31,38,2
2/26/2025,2,12,27,32,34,6
2/24/2025,13,23,33,35,39,6
2/22/2025,19,25,33,38,40,2
2/19/2025,22,30,34,36,41,6
2/17/2025,7,8,26,33,37,5
2/15/2025,19,29,32,33,36,6
2/12/2025,10,29,32,34,36,4
2/10/2025,5,10,25,26,36,3
2/8/2025,3,16,24,25,31,2
2/5/2025,4,11,20,33,34,5
2/3/2025,8,16,26,29,39,5
2/1/2025,1,9,14,19,33,5
1/29/2025,2,6,17,27,41,5
1/27/2025,3,30,31,34,39,4
1/25/2025,1,15,20,25,27,1
1/22/2025,26,27,31,40,41,5
1/20/2025,5,9,14,25,37,5
1/18/2025,2,4,16,21,32,1
1/15/2025,8,20,29,34,36,6
1/13/2025,2,6,20,23,24,2
1/11/2025,9,16,21,24,36,5
1/8/2025,18,24,25,27,31,3
1/6/2025,7,8,29,33,35,4
1/4/2025,10,14,22,30,34,4
1/1/2025,1,19,21,24,27,1
12/30/2024,6,9,14,28,39,3
12/28/2024,1,27,28,29,32,4
12/25/2024,10,20,24,25,37,3
12/23/2024,16,18,21,24,37,5
12/21/2024,2,4,6,7,20,4
12/18/2024,2,9,29,36,37,2
12/16/2024,2,19,26,35,36,3
12/14/2024,3,7,14,26,37,4
12/11/2024,5,9,18,20,28,3
12/9/2024,6,7,16,26,29,5
12/7/2024,2,19,21,24,28,6
12/4/2024,3,5,21,28,37,1
12/2/2024,12,31,37,38,41,1
11/30/2024,18,22,24,33,38,3
11/27/2024,11,17,20,24,35,6
11/25/2024,1,10,18,20,40,1
11/23/2024,19,21,30,32,37,2
11/20/2024,6,23,28,34,35,5
11/18/2024,3,12,16,24,25,4
11/16/2024,3,10,17,23,25,6
11/13/2024,4,5,23,35,39,3
11/11/2024,1,2,9,30,38,6
11/9/2024,3,11,15,28,29,3
11/6/2024,3,8,11,13,31,6
11/4/2024,2,13,14,32,39,4
11/2/2024,15,24,27,28,38,6
10/30/2024,1,12,30,34,38,1
10/28/2024,7,28,35,38,40,1
10/26/2024,5,11,16,19,37,1
10/23/2024,10,15,17,26,38,3
10/21/2024,2,4,23,25,36,4
10/19/2024,6,17,19,39,41,5
10/16/2024,2,5,7,14,21,2
10/14/2024,14,15,22,33,40,4
10/12/2024,18,21,31,33,39,1
10/9/2024,10,15,21,26,32,3
10/7/2024,7,17,20,22,25,4
10/5/2024,1,2,6,28,30,4
10/2/2024,4,6,13,19,35,1
9/30/2024,10,11,35,36,38,1
9/28/2024,16,20,23,37,39,3
9/25/2024,2,8,18,19,27,5
9/23/2024,1,18,25,26,39,1
9/21/2024,3,26,31,33,39,4
9/18/2024,1,3,6,18,23,6
9/16/2024,11,14,19,29,41,2
9/14/2024,1,13,22,25,34,1
9/11/2024,12,13,14,15,22,4
9/9/2024,5,9,19,23,36,6
9/7/2024,10,14,20,25,37,4
9/4/2024,6,18,21,24,38,1
9/2/2024,5,20,25,37,41,3
8/31/2024,9,10,15,26,29,3
8/28/2024,15,23,24,33,41,3
8/26/2024,4,10,14,30,38,4
8/24/2024,7,13,28,31,39,5
8/21/2024,11,20,25,29,33,2
8/19/2024,2,14,34,36,40,6
8/17/2024,2,4,17,19,33,2
8/14/2024,7,13,18,36,41,2
8/12/2024,18,22,29,34,39,1
8/10/2024,9,15,21,22,40,5
8/7/2024,12,21,24,27,31,5
8/5/2024,1,14,23,27,29,3
8/3/2024,7,14,19,26,33,3
7/31/2024,1,10,14,16,22,1
7/29/2024,10,19,22,34,35,5
7/27/2024,3,24,26,29,30,6
7/24/2024,5,7,10,18,26,5
7/22/2024,2,3,15,17,22,2
7/20/2024,3,6,7,30,37,2
7/17/2024,4,5,11,12,35,2
7/15/2024,2,8,37,38,41,4
7/13/2024,6,12,15,31,41,5
7/10/2024,6,8,12,14,34,2
7/8/2024,9,20,27,33,36,3
7/6/2024,8,12,21,35,38,5
7/3/2024,6,16,19,29,34,6
7/1/2024,2,17,26,33,37,1
6/29/2024,6,10,22,26,39,3
6/26/2024,7,21,31,35,36,3
6/24/2024,8,11,21,25,34,6
6/22/2024,12,15,19,22,31,5
6/19/2024,2,4,9,10,12,4
6/17/2024,10,16,20,23,28,4
6/15/2024,7,14,18,21,24,6
6/12/2024,12,17,21,28,31,1
6/10/2024,9,10,11,13,15,5
6/8/2024,20,22,25,27,38,5
6/5/2024,3,8,10,13,27,3
6/3/2024,8,13,19,33,40,2
6/1/2024,2,7,11,19,22,6
5/29/2024,13,19,21,36,40,6
5/27/2024,14,15,27,28,35,3
5/25/2024,11,14,23,34,35,5
5/22/2024,17,19,24,25,33,2
5/20/2024,11,14,20,32,35,3
5/18/2024,1,15,33,35,40,1
5/15/2024,13,14,23,32,38,2
5/13/2024,4,5,19,21,34,3
5/11/2024,3,7,15,27,37,5
5/8/2024,4,6,17,25,27,4
5/6/2024,5,20,24,29,35,2
5/4/2024,8,15,30,32,38,6
5/1/2024,11,18,20,34,38,6
4/29/2024,6,10,22,31,36,4
4/27/2024,3,8,13,29,37,5
4/24/2024,4,17,24,25,36,3
4/22/2024,24,25,26,35,40,1
4/20/2024,3,9,17,18,27,5
4/17/2024,13,14,18,21,41,6
4/15/2024,3,11,28,35,39,6
4/13/2024,28,35,36,38,40,2
4/10/2024,1,9,25,29,32,2
4/8/2024,3,5,6,11,37,5
4/6/2024,8,19,21,27,41,3
4/3/2024,13,16,27,34,37,6
4/1/2024,2,11,24,26,28,4
3/30/2024,10,13,15,21,27,2
3/27/2024,3,13,14,28,39,5
3/25/2024,4,16,18,19,30,5
3/23/2024,4,5,8,15,23,3
3/20/2024,5,19,30,33,37,4
3/18/2024,2,12,15,19,33,5
3/16/2024,4,17,28,33,37,5
3/13/2024,3,5,11,18,29,6
3/11/2024,14,18,25,30,38,4
3/9/2024,5,6,8,19,24,2
3/6/2024,13,14,25,33,39,4
3/4/2024,2,10,23,28,32,1
3/2/2024,17,30,33,38,40,1
2/28/2024,21,22,24,25,30,6
2/26/2024,4,15,23,28,31,5
2/24/2024,2,7,23,25,38,6
2/21/2024,1,11,22,26,32,6
2/19/2024,11,17,20,25,29,6
2/17/2024,3,8,26,31,40,1
2/14/2024,2,3,7,9,17,1
2/12/2024,7,13,14,22,31,4
2/10/2024,1,5,6,14,32,5
2/7/2024,8,17,24,31,41,4
2/5/2024,8,26,31,38,40,2
2/3/2024,8,12,15,21,25,3
1/31/2024,1,12,27,37,41,4
1/29/2024,4,5,15,23,35,2
1/27/2024,1,3,4,22,24,5
1/24/2024,2,4,21,24,26,6
1/22/2024,3,9,21,24,37,3
1/20/2024,12,13,19,22,35,6
1/17/2024,1,2,10,16,22,6
1/15/2024,11,21,23,30,37,4
1/13/2024,14,17,23,26,37,5
1/10/2024,10,14,26,31,34,4
1/8/2024,10,14,25,29,30,6
1/6/2024,12,17,25,36,38,3
1/3/2024,2,12,14,15,20,4
1/1/2024,4,16,22,25,40,3
12/30/2023,6,11,13,21,26,6
12/27/2023,7,20,21,31,36,3
12/25/2023,5,6,12,31,40,4
12/23/2023,2,5,6,12,26,2
12/20/2023,1,15,16,25,37,3
12/18/2023,14,15,22,24,37,4
12/16/2023,12,13,15,20,23,2
12/13/2023,3,4,12,17,28,2
12/11/2023,3,7,17,20,21,2
12/9/2023,2,11,13,16,28,6
12/6/2023,1,4,21,26,40,1
12/4/2023,4,17,18,19,24,3
12/2/2023,16,27,33,39,41,4
11/29/2023,23,25,27,35,36,3
11/27/2023,9,16,21,22,29,4
11/25/2023,10,13,16,22,39,2
11/22/2023,12,24,28,29,40,3
11/20/2023,5,13,17,21,39,1
11/18/2023,12,18,25,33,35,5
11/15/2023,19,20,21,24,33,1
11/13/2023,4,8,9,12,41,4
11/11/2023,6,14,25,28,35,1
11/8/2023,2,16,22,23,27,6
11/6/2023,4,5,6,12,24,5
11/4/2023,7,12,18,21,32,5
11/1/2023,5,20,32,37,38,6
10/30/2023,15,21,27,36,41,5
10/28/2023,1,13,21,26,29,4
10/25/2023,4,30,32,33,35,6
10/23/2023,1,20,27,32,38,3
10/21/2023,2,14,21,22,34,3
10/18/2023,2,5,13,20,32,4
10/16/2023,10,11,18,34,35,3
10/14/2023,5,22,25,30,35,2
10/11/2023,3,4,12,20,34,3
10/9/2023,17,21,27,35,41,6
10/7/2023,1,8,14,26,28,6
10/4/2023,1,21,33,34,41,4
10/2/2023,13,17,28,37,38,5
9/30/2023,3,9,28,35,38,4
9/27/2023,2,3,7,14,32,3
9/25/2023,6,21,31,38,39,2
9/23/2023,2,17,24,37,39,2
9/20/2023,1,2,3,26,28,3
9/18/2023,1,14,20,25,37,3
9/16/2023,5,15,17,30,31,2
9/13/2023,1,6,15,23,31,5
9/9/2023,8,14,17,23,25,3
9/6/2023,2,27,29,30,35,3
9/2/2023,2,8,16,18,24,2
8/30/2023,2,4,6,14,29,2
8/26/2023,8,13,20,28,31,2
8/23/2023,6,8,19,34,40,1
8/19/2023,15,18,23,27,33,1
8/16/2023,4,8,13,17,32,4
8/12/2023,1,16,26,36,41,3
8/9/2023,5,13,17,23,33,1
8/5/2023,13,21,27,32,40,1
8/2/2023,11,13,31,39,41,3
7/29/2023,10,13,28,34,39,3
7/26/2023,15,18,19,20,41,1
7/22/2023,11,13,16,21,35,1
7/19/2023,6,11,15,35,40,4
7/15/2023,7,19,21,34,35,4
7/12/2023,1,16,23,26,38,4
7/8/2023,7,19,25,28,31,5
7/5/2023,1,12,23,28,33,6
7/1/2023,6,9,13,23,39,5
6/28/2023,1,8,10,20,37,6
6/24/2023,12,20,31,36,39,4
6/21/2023,3,9,16,18,25,3
6/17/2023,1,13,15,23,35,3
6/14/2023,3,4,13,16,35,5
6/10/2023,2,11,13,29,36,4
6/7/2023,3,5,9,20,31,1
6/3/2023,2,8,26,27,38,6
5/31/2023,4,14,27,29,40,2
5/27/2023,11,13,15,30,38,2
5/24/2023,2,3,4,12,25,3
5/20/2023,2,19,21,29,39,3
5/17/2023,15,18,27,34,35,2
5/13/2023,3,5,15,31,38,4
5/10/2023,12,19,20,23,37,2
5/6/2023,2,5,22,26,32,6
5/3/2023,3,9,24,30,38,2
4/29/2023,7,12,29,36,37,6
4/26/2023,13,16,19,31,37,3
4/22/2023,20,27,28,34,35,2
4/19/2023,13,19,24,32,41,6
4/15/2023,3,14,16,18,36,4
4/12/2023,1,5,19,31,36,1
4/8/2023,2,12,18,19,30,1
4/5/2023,4,10,26,28,38,5
4/1/2023,1,7,22,23,34,1
3/29/2023,21,25,26,35,37,5
3/25/2023,20,22,26,30,37,4
3/22/2023,10,25,33,36,39,2
3/18/2023,2,14,21,24,32,6
3/15/2023,9,14,28,30,35,2
3/11/2023,22,23,28,30,40,3
3/8/2023,1,11,28,31,38,1
3/4/2023,11,34,36,39,41,1
3/1/2023,10,22,24,25,38,5
2/25/2023,2,6,11,23,26,1
2/22/2023,2,6,8,16,40,4
2/18/2023,6,24,27,36,40,6
2/15/2023,4,13,14,15,25,3
2/11/2023,20,21,27,32,35,5
2/8/2023,2,8,12,22,38,5
2/4/2023,2,6,13,20,21,1
2/1/2023,13,19,20,24,37,5
1/28/2023,2,11,26,32,37,1
1/25/2023,3,12,20,29,36,3
1/21/2023,2,4,14,23,31,6
1/18/2023,4,20,27,38,39,4
1/14/2023,21,25,29,37,39,2
1/11/2023,1,17,27,30,38,4
1/7/2023,5,10,17,35,40,1
1/4/2023,2,3,9,26,31,1
12/31/2022,1,9,13,14,18,1
12/28/2022,1,5,16,18,35,6
12/24/2022,8,14,15,19,37,6
12/21/2022,6,15,16,34,40,4
12/17/2022,7,8,19,35,36,4
12/14/2022,3,6,15,16,20,3
12/10/2022,8,9,12,14,28,2
12/7/2022,1,8,14,17,27,3
12/3/2022,3,15,28,31,33,1
11/30/2022,13,28,32,34,40,2
11/26/2022,16,19,22,27,36,5
11/23/2022,1,8,14,18,29,4
11/19/2022,4,5,9,32,39,5
11/16/2022,3,27,30,32,33,3
11/12/2022,3,10,32,39,41,3
11/9/2022,1,4,20,32,33,5
11/5/2022,13,17,20,24,40,5
11/2/2022,13,18,29,32,37,1
10/29/2022,6,13,24,26,31,1
10/26/2022,3,9,18,31,39,6
10/22/2022,16,17,18,20,24,6
10/19/2022,3,7,22,31,40,1
10/15/2022,3,9,13,21,27,4
10/12/2022,8,21,22,23,37,4
10/8/2022,2,19,20,24,36,4
10/5/2022,9,23,33,39,40,2
10/1/2022,24,26,28,30,41,2
9/28/2022,5,21,22,23,36,5
9/24/2022,11,32,34,36,37,4
9/21/2022,11,14,21,22,23,1
9/17/2022,5,13,26,27,31,2
9/14/2022,7,9,14,27,35,5
9/10/2022,2,9,10,30,40,3
9/7/2022,18,19,21,26,40,4
9/3/2022,10,22,24,30,31,6
8/31/2022,17,18,24,32,39,5
8/27/2022,6,17,22,26,31,3
8/24/2022,6,13,21,39,40,5
8/20/2022,1,8,26,31,38,2
8/17/2022,5,13,32,36,41,4
8/13/2022,6,20,26,32,39,1
8/10/2022,2,11,17,23,31,2
8/6/2022,1,3,16,30,38,3
8/3/2022,3,4,7,25,35,1
7/30/2022,1,3,4,30,38,3
7/27/2022,1,6,9,24,35,4
7/23/2022,6,16,32,34,39,2
7/20/2022,16,17,22,34,40,6
7/16/2022,12,14,22,31,36,4
7/13/2022,1,16,18,33,41,5
7/9/2022,14,16,22,36,41,1
7/6/2022,14,20,25,29,38,4
7/2/2022,4,8,12,18,21,6
6/29/2022,1,19,20,24,40,2
6/25/2022,20,22,23,33,39,1
6/22/2022,2,22,31,34,41,2
6/18/2022,7,8,12,25,35,5
6/15/2022,4,27,33,34,36,6
6/11/2022,12,13,19,33,35,5
6/8/2022,11,15,25,38,39,4
6/4/2022,1,15,25,33,34,1
6/1/2022,9,11,18,24,31,2
5/28/2022,8,16,20,25,26,5
5/25/2022,16,24,26,27,28,2
5/21/2022,11,20,25,28,31,1
5/18/2022,9,11,15,23,33,5
5/14/2022,5,11,12,26,35,2
5/11/2022,22,29,34,37,40,6
5/7/2022,11,14,20,27,39,6
5/4/2022,1,2,7,22,34,6
4/30/2022,1,17,27,33,41,3
4/27/2022,3,16,19,21,38,2
4/23/2022,6,14,21,35,41,2
4/20/2022,2,12,22,31,40,4
4/16/2022,2,7,26,38,41,5
4/13/2022,9,14,15,23,33,3
4/9/2022,9,21,24,26,37,4
4/6/2022,1,8,14,28,38,5
4/2/2022,7,17,32,37,38,5
3/30/2022,8,10,11,19,38,2
3/26/2022,5,7,19,22,33,4
3/23/2022,4,7,8,9,30,1
3/19/2022,8,10,18,30,33,5
3/16/2022,7,18,20,29,33,1
3/12/2022,3,8,13,33,38,2
3/9/2022,4,15,29,31,36,2
3/5/2022,4,19,22,25,40,6
3/2/2022,4,8,18,23,38,5
2/26/2022,9,15,19,37,39,2
2/23/2022,6,19,30,34,38,5
2/19/2022,22,27,28,30,39,3
2/16/2022,7,8,19,24,41,4
2/12/2022,6,18,29,34,35,4
2/9/2022,9,10,31,37,39,2
2/5/2022,16,21,24,27,34,2
2/2/2022,2,5,13,19,31,5
1/29/2022,15,19,32,35,37,4
1/26/2022,5,15,27,36,39,6
1/22/2022,2,4,11,24,32,1
1/19/2022,1,16,18,35,40,5
1/15/2022,3,10,11,12,26,2
1/12/2022,3,18,26,36,41,1
1/8/2022,11,20,31,32,37,3
1/5/2022,8,10,25,28,37,5
1/1/2022,1,16,21,26,31,5
12/29/2021,7,20,24,30,39,4
12/25/2021,4,8,13,17,36,2
12/22/2021,1,9,12,14,18,2
12/18/2021,6,13,17,29,35,5
12/15/2021,4,6,20,31,32,1
12/11/2021,12,15,20,22,34,4
12/8/2021,3,9,11,21,33,5
12/4/2021,3,7,18,19,33,5
12/1/2021,5,24,25,30,33,4
11/27/2021,2,8,17,25,38,1
11/24/2021,4,16,33,38,41,6
11/20/2021,3,8,11,20,38,6
11/17/2021,5,6,16,19,31,4
11/13/2021,8,12,19,31,35,6
11/10/2021,10,22,28,31,41,4
11/6/2021,7,9,14,24,31,4
11/3/2021,14,16,18,25,37,4
10/30/2021,2,24,26,31,39,6
10/27/2021,21,29,32,35,36,6
10/23/2021,11,17,24,38,39,1
10/20/2021,1,14,19,23,28,6
10/16/2021,3,14,19,21,41,5
10/13/2021,8,9,22,26,33,3
10/9/2021,1,9,12,13,40,1
10/6/2021,5,10,16,22,31,4
10/2/2021,10,32,35,36,38,1
9/29/2021,14,16,22,26,39,4
9/25/2021,4,16,23,25,37,5
9/22/2021,2,4,25,26,33,3
9/18/2021,9,16,26,27,31,3
9/15/2021,19,22,32,37,38,2
9/11/2021,14,16,20,37,41,5
9/8/2021,18,21,22,30,32,5
9/4/2021,4,25,34,35,38,4
9/1/2021,3,7,19,36,41,6
8/28/2021,1,32,33,39,41,5
8/25/2021,13,19,25,35,40,5
8/21/2021,2,10,13,15,25,3
8/18/2021,17,20,25,27,40,3
8/14/2021,1,4,11,37,39,4
8/11/2021,6,13,20,24,33,2
8/7/2021,10,19,27,29,36,2
8/4/2021,11,21,23,30,32,4
7/31/2021,17,31,32,33,39,4
7/28/2021,2,4,17,30,38,2
7/24/2021,2,20,23,36,39,2
7/21/2021,9,17,32,38,41,5
7/17/2021,3,4,9,10,14,5
7/14/2021,2,16,17,22,25,1
7/10/2021,10,27,28,35,39,3
7/7/2021,1,2,28,31,41,4
7/3/2021,14,19,21,26,41,5
6/30/2021,9,11,12,25,38,3
6/26/2021,5,18,30,31,34,3
6/23/2021,13,14,19,21,34,4
6/19/2021,1,4,12,24,26,1
6/16/2021,2,6,13,25,40,1
6/12/2021,20,24,32,36,38,2
6/9/2021,2,8,18,21,35,6
6/5/2021,7,10,32,35,40,5
6/2/2021,2,7,9,16,33,4
5/29/2021,12,17,21,37,38,1
5/26/2021,4,11,26,28,38,1
5/22/2021,7,10,27,34,35,6
5/19/2021,2,16,22,25,34,5
5/15/2021,4,16,21,31,36,4
5/12/2021,3,7,15,34,38,3
5/8/2021,9,18,28,33,35,2
5/5/2021,7,8,10,25,39,2
5/1/2021,2,18,28,32,40,1
4/28/2021,6,8,13,17,23,4
4/24/2021,2,4,14,20,22,1
4/21/2021,1,17,18,32,33,1
4/17/2021,9,23,33,37,38,3
4/14/2021,8,23,24,31,40,3
4/10/2021,6,11,16,30,35,3
4/7/2021,4,9,11,12,27,3
4/3/2021,5,11,25,29,30,5
3/31/2021,17,24,27,35,40,5
3/27/2021,10,22,23,34,41,3
3/24/2021,3,9,24,29,39,1
3/20/2021,11,25,30,32,35,6
3/17/2021,4,6,8,13,27,3
3/13/2021,5,13,26,35,38,2
3/10/2021,2,11,13,14,26,2
3/6/2021,1,12,14,28,36,1
3/3/2021,14,16,21,25,34,5
2/27/2021,15,23,26,40,41,4
2/24/2021,4,7,12,16,35,6
2/20/2021,22,24,28,32,35,3
2/17/2021,4,5,8,17,38,1
2/13/2021,15,22,32,35,36,5
2/10/2021,3,21,23,32,39,1
2/6/2021,19,29,31,34,36,3
2/3/2021,14,21,25,27,35,4
1/30/2021,14,26,27,30,32,6
1/27/2021,14,18,27,32,35,3
1/23/2021,2,20,21,26,40,2
1/20/2021,5,14,18,33,40,6
1/16/2021,16,18,20,28,29,6
1/13/2021,21,22,36,38,41,1
1/9/2021,8,21,26,28,39,3
1/6/2021,7,15,28,35,38,4
1/2/2021,25,29,30,31,40,4
12/30/2020,5,7,8,19,23,4
12/26/2020,11,13,16,30,37,1
12/23/2020,4,8,16,21,29,2
12/19/2020,1,9,23,30,35,4
12/16/2020,5,9,20,33,40,4
12/12/2020,9,23,25,34,40,6
12/9/2020,1,12,18,20,30,5
12/5/2020,7,18,21,24,35,6
12/2/2020,5,7,10,28,33,2
11/28/2020,4,11,14,20,31,3
11/25/2020,1,6,27,33,37,2
11/21/2020,16,27,35,38,40,5
11/18/2020,16,17,20,28,32,5
11/14/2020,8,13,21,32,34,1
11/11/2020,2,5,8,26,36,3
11/7/2020,3,13,17,22,23,1
11/4/2020,3,13,22,27,35,3
10/31/2020,16,17,25,29,39,1
10/28/2020,2,9,16,27,30,5
10/24/2020,2,6,11,23,37,6
10/21/2020,4,16,26,36,40,3
10/17/2020,7,13,20,26,33,3
10/14/2020,12,17,19,21,39,6
10/10/2020,1,13,23,32,34,2
10/7/2020,6,16,25,39,41,5
10/3/2020,2,10,14,28,35,3
9/30/2020,15,20,25,31,35,1
9/26/2020,8,13,18,31,38,2
9/23/2020,2,21,25,28,37,3
9/19/2020,3,10,21,33,41,6
9/16/2020,16,20,27,29,35,3
9/12/2020,11,19,21,32,34,1
9/9/2020,4,17,23,35,41,6
9/5/2020,1,3,7,18,39,4
9/2/2020,3,15,16,21,33,2
8/29/2020,12,19,22,29,34,1
8/26/2020,9,11,18,31,32,2
8/22/2020,9,10,26,29,34,2
8/19/2020,3,4,25,33,38,1
8/15/2020,15,22,24,29,37,6
8/12/2020,2,14,16,21,35,5
8/8/2020,2,4,29,31,38,4
8/5/2020,8,15,28,32,33,3
8/1/2020,24,25,33,35,41,3
7/29/2020,1,4,10,11,29,5
7/25/2020,1,11,13,18,21,1
7/22/2020,7,12,20,22,36,2
7/18/2020,13,15,23,28,41,6
7/15/2020,5,7,19,30,39,4
7/11/2020,5,16,28,29,31,5
7/8/2020,3,8,25,28,36,3
7/4/2020,11,20,22,24,25,4
7/1/2020,1,2,17,24,32,6
6/27/2020,5,7,8,14,19,4
6/24/2020,1,10,15,29,36,4
6/20/2020,5,9,18,22,36,3
6/17/2020,3,8,9,22,35,5
6/13/2020,8,20,28,32,39,1
6/10/2020,1,12,13,18,38,1
6/6/2020,4,21,34,37,38,2
6/3/2020,4,11,13,32,34,3
5/30/2020,9,21,30,40,41,4
5/27/2020,3,17,23,35,41,2
5/23/2020,8,12,25,27,30,4
5/20/2020,2,10,13,35,41,2
5/16/2020,14,22,24,30,39,4
5/13/2020,8,18,23,24,38,5
5/9/2020,1,3,4,9,24,2
5/6/2020,7,13,14,24,32,4
5/2/2020,1,13,15,28,33,6
4/29/2020,3,12,22,34,36,6
4/25/2020,1,17,18,26,38,3
4/22/2020,7,17,20,24,26,4
4/18/2020,25,31,32,33,35,3
4/15/2020,1,3,7,28,38,4
4/11/2020,2,10,11,30,33,4
4/8/2020,13,31,33,38,40,1
4/4/2020,1,11,16,22,30,5
4/1/2020,9,21,25,33,38,3
3/28/2020,5,6,8,30,31,3
3/25/2020,7,13,14,31,39,6
3/21/2020,8,13,26,29,41,2
3/18/2020,17,31,33,37,39,2
3/14/2020,16,19,21,27,36,4
3/11/2020,11,12,21,26,38,3
3/7/2020,1,9,14,35,40,2
3/4/2020,12,22,24,25,27,3
2/29/2020,6,21,24,32,35,6
2/26/2020,19,27,38,39,41,1
2/22/2020,10,16,21,22,34,2
2/19/2020,8,17,23,35,39,4
2/15/2020,14,15,17,19,35,5
2/12/2020,8,10,13,18,25,2
2/8/2020,8,9,17,31,38,5
2/5/2020,8,12,32,34,39,2
2/1/2020,2,3,12,36,40,4
1/29/2020,12,13,18,21,33,1
1/25/2020,18,19,22,36,37,3
1/22/2020,24,26,32,40,41,6
1/18/2020,3,19,25,29,41,1
1/15/2020,1,17,23,29,31,5
1/11/2020,5,17,22,26,33,6
1/8/2020,2,14,28,30,32,6
1/4/2020,4,15,19,29,37,1
1/1/2020,4,7,9,24,27,2
12/28/2019,6,17,33,34,35,4
12/25/2019,9,14,21,36,41,2
12/21/2019,7,8,15,23,25,4
12/18/2019,2,4,8,17,30,1
12/14/2019,9,15,17,26,27,3
12/11/2019,10,14,22,29,38,4
12/7/2019,2,20,22,30,33,4
12/4/2019,1,6,18,23,38,1
11/30/2019,7,12,23,37,38,2
11/27/2019,1,13,26,35,39,2
11/23/2019,1,9,12,14,34,1
11/20/2019,2,4,15,28,29,6
11/16/2019,1,17,30,32,37,4
11/13/2019,25,33,35,38,39,5
11/9/2019,4,12,18,28,38,4
11/6/2019,9,24,29,38,39,4
11/2/2019,2,20,29,39,40,6
10/30/2019,3,8,10,21,28,6
10/26/2019,5,13,23,37,38,6
10/23/2019,3,12,23,24,29,6
10/19/2019,17,22,31,37,41,6
10/16/2019,3,21,26,33,35,3
10/12/2019,23,28,37,38,40,2
10/9/2019,6,20,24,25,41,1
10/5/2019,7,16,24,27,38,6
10/2/2019,3,9,11,27,35,4
9/28/2019,4,13,18,27,30,1
9/25/2019,10,20,27,34,36,5
9/21/2019,11,16,17,20,41,4
9/18/2019,4,13,22,34,38,4
9/14/2019,7,26,35,36,41,5
9/11/2019,24,32,33,37,40,6
9/7/2019,1,3,17,19,40,3
9/4/2019,3,28,31,33,40,6
8/31/2019,10,13,15,17,23,5
8/28/2019,2,17,26,31,37,4
8/24/2019,8,14,17,37,41,5
8/21/2019,24,25,28,35,36,3
8/17/2019,4,10,13,20,41,1
8/14/2019,8,20,23,31,39,3
8/10/2019,8,20,23,31,39,3
8/7/2019,5,6,20,22,37,4
8/3/2019,1,4,6,25,26,4
7/31/2019,3,14,29,30,33,3
7/27/2019,8,17,23,32,39,6
7/24/2019,5,18,32,33,36,4
7/20/2019,2,12,28,29,37,6
7/17/2019,6,16,35,37,41,3
7/13/2019,7,8,34,36,41,4
7/10/2019,1,9,14,29,34,1
7/6/2019,3,6,17,26,32,5
7/3/2019,9,11,12,14,18,6
6/29/2019,5,7,20,21,27,4
6/26/2019,2,6,26,29,30,4
6/22/2019,19,28,32,34,37,2
6/19/2019,2,7,22,37,38,6
6/15/2019,5,8,11,15,32,6
6/12/2019,12,20,30,39,40,2
6/8/2019,7,24,26,31,40,4
6/5/2019,17,33,34,38,41,1
6/1/2019,8,16,20,29,40,5
5/29/2019,1,21,29,34,35,3
5/25/2019,2,4,19,23,31,1
5/22/2019,11,17,22,23,39,5
5/18/2019,12,16,18,26,32,3
5/15/2019,6,13,14,21,40,2
5/11/2019,7,14,16,20,36,2
5/8/2019,1,4,16,31,37,5
5/4/2019,9,14,17,21,40,4
5/1/2019,2,7,28,30,34,4
4/27/2019,4,17,27,31,40,5
4/24/2019,10,14,25,27,36,2
4/20/2019,25,31,32,37,41,6
4/17/2019,3,6,20,31,32,3
4/13/2019,6,15,16,25,34,1
4/10/2019,3,5,9,21,28,1
4/6/2019,3,5,8,21,28,5
4/3/2019,3,4,24,28,38,4
3/30/2019,2,5,18,19,26,1
3/27/2019,6,13,15,34,37,4
3/23/2019,7,10,16,29,33,5
3/20/2019,5,6,14,17,20,3
3/16/2019,4,6,19,25,31,1
3/13/2019,5,14,25,27,28,3
3/9/2019,16,27,39,40,41,2
3/6/2019,15,33,38,39,40,4
3/2/2019,12,17,19,34,35,2
2/27/2019,1,14,25,34,36,2
2/23/2019,13,16,27,34,36,4
2/20/2019,3,7,8,12,41,2
2/16/2019,10,18,33,37,38,2
2/13/2019,3,15,24,26,32,6
2/9/2019,3,4,8,20,27,1
2/6/2019,18,26,29,31,33,2
2/2/2019,4,17,30,34,35,2
1/30/2019,3,11,23,27,37,5
1/26/2019,6,19,21,34,40,6
1/23/2019,8,21,28,32,34,5
1/19/2019,3,11,12,25,39,4
1/16/2019,13,15,25,37,38,1
1/12/2019,3,4,32,36,38,3
1/9/2019,9,22,27,33,40,5
1/5/2019,3,4,14,17,39,4
1/2/2019,1,17,19,30,37,2
12/29/2018,1,11,24,37,39,2
12/26/2018,5,9,14,17,29,1
12/22/2018,2,3,10,23,40,4
12/19/2018,1,7,8,15,28,1
12/15/2018,16,26,28,29,30,5
12/12/2018,11,12,18,21,33,3
12/8/2018,1,3,10,22,33,6
12/5/2018,1,3,20,30,36,6
12/1/2018,8,11,15,27,29,3
11/28/2018,18,21,29,36,40,5
11/24/2018,11,14,25,26,40,1
11/21/2018,3,7,16,18,25,5
11/17/2018,7,8,13,22,25,5
11/14/2018,7,8,25,35,38,5
11/10/2018,2,9,14,27,36,2
11/7/2018,13,16,22,26,27,2
11/3/2018,2,11,15,31,34,5
10/31/2018,16,22,23,31,38,6
10/27/2018,7,11,16,21,37,4
10/24/2018,5,16,23,27,28,5
10/20/2018,4,7,10,20,36,5
10/17/2018,3,14,16,19,34,2
10/13/2018,3,17,21,26,39,5
10/10/2018,8,13,24,32,40,6
10/6/2018,7,22,23,29,31,6
10/3/2018,1,3,13,16,26,3
9/29/2018,4,11,18,28,34,1
9/26/2018,3,4,10,20,36,1
9/22/2018,6,8,12,19,21,3
9/19/2018,6,11,20,28,41,2
9/15/2018,15,23,27,32,37,1
9/12/2018,1,13,23,33,40,4
9/8/2018,8,16,24,40,41,5
9/5/2018,13,20,27,33,38,6
9/1/2018,4,12,21,26,36,2
8/29/2018,5,13,18,35,41,3
8/25/2018,2,9,12,19,34,6
8/22/2018,7,17,21,26,34,1
8/18/2018,6,15,16,28,32,1
8/15/2018,14,25,27,28,32,1
8/11/2018,2,11,20,21,40,1
8/8/2018,5,17,20,27,28,1
8/4/2018,13,20,32,33,37,3
8/1/2018,10,12,33,34,37,1
7/28/2018,6,19,26,28,41,6
7/25/2018,11,13,32,39,41,3
7/21/2018,12,19,23,32,37,4
7/18/2018,9,21,28,29,33,2
7/14/2018,14,19,24,32,33,3
7/11/2018,10,14,20,26,36,4
7/7/2018,14,15,23,29,40,5
7/4/2018,3,24,32,34,35,4
6/30/2018,10,18,24,38,41,5
6/27/2018,5,19,21,30,37,3
6/23/2018,4,12,23,28,38,4
6/20/2018,4,5,15,23,36,6
6/16/2018,2,7,12,33,39,1
6/13/2018,13,15,20,26,33,2
6/9/2018,4,5,10,22,39,5
6/6/2018,4,5,12,13,39,4
6/2/2018,15,25,28,31,32,5
5/30/2018,1,12,34,37,40,5
5/26/2018,4,7,18,31,35,1
5/23/2018,5,8,23,24,39,5
5/19/2018,8,9,11,27,32,5
5/16/2018,3,18,20,25,31,5
5/12/2018,3,6,13,33,37,6
5/9/2018,1,7,26,31,34,1
5/5/2018,1,8,15,17,25,5
5/2/2018,7,14,19,20,25,6
4/28/2018,10,16,18,26,31,3
4/25/2018,13,17,19,30,35,6
4/21/2018,15,17,21,23,27,2
4/18/2018,2,14,32,35,36,2
4/14/2018,6,7,8,10,26,4
4/11/2018,8,15,31,32,34,6
4/7/2018,3,23,26,27,29,6
4/4/2018,5,11,16,21,39,4
3/31/2018,7,11,32,33,40,6
3/28/2018,12,22,30,37,38,1
3/24/2018,11,16,19,30,31,2
3/21/2018,2,23,28,38,41,6
3/17/2018,5,7,14,15,21,3
3/14/2018,16,17,21,31,38,4
3/10/2018,2,12,20,28,41,2
3/7/2018,2,5,7,21,24,5
3/3/2018,5,10,17,29,33,4
2/28/2018,3,4,18,30,39,4
2/24/2018,5,19,25,29,32,4
2/21/2018,18,27,28,37,39,1
2/17/2018,6,10,15,27,37,4
2/14/2018,16,18,23,32,33,4
2/10/2018,11,36,38,39,40,1
2/7/2018,23,27,31,33,41,2
2/3/2018,1,12,32,39,41,2
1/31/2018,20,23,29,33,39,1
1/27/2018,2,6,7,25,37,5
1/24/2018,1,3,17,35,41,3
1/20/2018,1,31,33,34,39,2
1/17/2018,2,9,15,17,23,2
1/13/2018,4,11,39,40,41,3
1/10/2018,16,19,29,34,40,3
1/6/2018,7,21,23,33,39,3
1/3/2018,7,13,23,31,40,3
12/30/2017,17,20,24,34,37,1
12/27/2017,14,15,23,29,35,5
12/23/2017,4,10,21,31,33,3
12/20/2017,2,16,20,21,38,2
12/16/2017,6,13,19,31,37,4
12/13/2017,10,13,19,24,31,3
12/9/2017,11,20,21,25,32,4
12/6/2017,8,11,18,28,32,5
12/2/2017,4,26,29,37,38,2
11/29/2017,4,9,15,16,19,2
11/25/2017,5,6,15,29,38,4
11/22/2017,2,3,13,32,34,4
11/18/2017,15,16,18,27,37,1
11/15/2017,5,17,25,32,40,4
11/11/2017,6,16,29,32,37,4
11/8/2017,12,19,21,26,39,6
11/4/2017,1,12,15,21,35,3
11/1/2017,17,19,26,27,36,3
10/28/2017,3,4,15,22,40,4
10/25/2017,4,10,14,15,38,6
10/21/2017,7,29,30,38,39,5
10/18/2017,6,17,28,33,35,6
10/14/2017,6,12,17,18,33,6
10/11/2017,3,12,30,33,39,4
10/7/2017,13,26,35,37,39,6
10/4/2017,5,11,19,32,37,2
9/30/2017,9,13,17,29,33,6
9/27/2017,1,15,16,17,27,4
9/23/2017,4,14,15,27,31,4
9/20/2017,4,11,13,18,30,4
9/16/2017,11,17,24,29,35,4
9/13/2017,16,21,24,25,35,1
9/9/2017,3,8,13,16,25,4
9/6/2017,2,13,17,19,34,1
9/2/2017,4,9,15,16,40,1
8/30/2017,2,19,27,30,41,2
8/26/2017,10,22,28,34,39,1
8/23/2017,4,20,23,35,37,6
8/19/2017,5,9,20,28,33,3
8/16/2017,2,4,12,30,38,4
8/12/2017,20,21,29,30,33,2
8/9/2017,19,21,28,35,41,2
8/5/2017,2,3,10,28,37,5
8/2/2017,9,16,18,30,34,1
7/29/2017,11,12,14,20,30,2
7/26/2017,1,5,10,34,40,2
7/22/2017,9,13,15,21,35,5
7/19/2017,2,4,6,21,33,2
7/15/2017,3,10,13,36,37,1
7/12/2017,1,12,28,36,41,2
7/8/2017,7,14,22,33,34,2
7/5/2017,5,6,11,26,33,3
7/1/2017,2,7,13,31,32,1
6/28/2017,4,26,27,30,31,2
6/24/2017,8,18,28,37,38,6
6/21/2017,11,18,21,34,38,2
6/17/2017,10,16,18,23,37,4
6/14/2017,2,8,13,33,39,4
6/10/2017,5,8,19,33,41,2
6/7/2017,4,8,12,16,22,5
6/3/2017,3,6,12,15,37,4
5/31/2017,10,11,12,21,22,3
5/27/2017,2,5,15,37,41,5
5/24/2017,20,23,25,27,35,1
5/20/2017,5,8,14,17,23,3
5/17/2017,3,4,12,15,41,5
5/13/2017,7,13,17,19,28,4
5/10/2017,3,8,9,16,37,5
5/6/2017,8,9,29,32,39,5
5/3/2017,1,22,24,30,41,1
4/29/2017,1,5,7,10,23,1
4/26/2017,2,4,10,34,36,6
4/22/2017,1,16,23,34,37,4
4/19/2017,3,9,17,35,38,1
4/15/2017,9,16,29,31,36,5
4/12/2017,8,9,27,30,33,2
4/8/2017,12,15,18,26,37,1
4/5/2017,14,26,29,31,34,2
4/1/2017,6,12,22,23,41,4
3/29/2017,3,4,21,24,40,5
3/25/2017,2,4,19,24,32,1
3/22/2017,5,7,11,13,17,6
3/18/2017,5,11,24,27,31,1
3/15/2017,11,22,27,28,30,5
3/11/2017,8,20,31,33,36,4
3/8/2017,1,3,8,26,33,2
3/4/2017,1,8,22,25,35,2
3/1/2017,3,6,20,26,34,2
2/25/2017,2,15,22,38,40,2
2/22/2017,6,10,12,17,30,1
2/18/2017,11,25,34,38,40,5
2/15/2017,28,33,34,36,37,2
2/11/2017,9,13,22,33,37,3
2/8/2017,3,23,25,32,33,6
2/4/2017,9,22,24,30,31,5
2/1/2017,8,16,30,31,38,1
1/28/2017,9,29,34,36,38,4
1/25/2017,12,21,33,37,39,3
1/21/2017,4,11,20,25,35,2
1/18/2017,1,13,26,30,40,1
1/14/2017,11,22,27,34,38,5
1/11/2017,9,10,31,38,39,3
1/7/2017,5,12,21,33,40,4
1/4/2017,2,14,22,28,41,5
12/31/2016,3,4,7,9,37,6
12/28/2016,1,3,17,19,29,1
12/24/2016,1,12,17,24,37,3
12/21/2016,3,6,9,22,34,2
12/17/2016,1,16,23,25,27,1
12/14/2016,1,17,21,38,40,6
12/10/2016,1,12,20,29,39,2
12/7/2016,4,7,11,22,38,3
12/3/2016,1,5,12,14,27,6
11/30/2016,14,16,17,22,40,2
11/26/2016,2,5,10,24,29,1
11/23/2016,8,9,18,25,33,2
11/19/2016,10,16,18,26,40,1
11/16/2016,11,12,13,19,41,2
11/12/2016,4,5,7,10,39,6
11/9/2016,9,23,35,40,41,3
11/5/2016,3,8,21,29,38,6
11/2/2016,4,17,25,29,33,3
10/29/2016,2,10,16,25,32,2
10/26/2016,1,7,11,18,40,6
10/22/2016,14,22,24,31,34,5
10/19/2016,12,15,26,28,31,5
10/15/2016,1,12,22,23,31,2
10/12/2016,8,13,18,19,32,2
10/8/2016,15,16,19,26,40,4
10/5/2016,6,13,20,23,24,3
10/1/2016,13,21,28,29,39,3
9/28/2016,1,19,21,24,41,1
9/24/2016,13,24,26,37,39,2
9/21/2016,8,17,22,24,40,4
9/17/2016,10,35,36,39,41,2
9/14/2016,6,19,33,35,36,3
9/10/2016,17,18,21,23,26,4
9/7/2016,2,13,15,28,33,4
9/3/2016,1,11,17,29,34,2
8/31/2016,3,16,21,25,26,4
8/27/2016,6,12,18,34,40,6
8/24/2016,11,22,25,30,31,1
8/20/2016,1,20,33,34,39,2
8/17/2016,15,24,30,36,38,4
8/13/2016,6,27,28,30,38,1
8/10/2016,15,27,31,37,40,5
8/6/2016,6,9,14,27,35,1
8/3/2016,3,9,20,30,33,6
7/30/2016,7,16,18,36,40,1
7/27/2016,2,12,19,28,34,6
7/23/2016,8,11,15,32,38,5
7/20/2016,4,11,15,27,32,2
7/16/2016,1,3,8,33,41,5
7/13/2016,10,22,35,38,39,1
7/9/2016,3,10,31,36,38,3
7/6/2016,23,24,29,34,37,6
7/2/2016,7,16,17,30,31,2
6/29/2016,12,23,26,27,41,1
6/25/2016,4,15,17,38,40,6
6/22/2016,2,8,10,28,40,5
6/18/2016,2,3,13,15,20,5
6/15/2016,7,9,11,30,37,3
6/11/2016,4,5,34,36,41,4
6/8/2016,11,13,20,21,28,2
6/4/2016,7,10,15,22,40,2
6/1/2016,2,9,24,30,37,3
5/28/2016,1,5,8,17,21,3
5/25/2016,1,2,21,34,41,4
5/21/2016,10,15,27,28,34,1
5/18/2016,9,22,24,27,30,2
5/14/2016,5,10,36,37,40,4
5/11/2016,4,11,19,21,29,5
5/7/2016,1,12,13,22,38,3
5/4/2016,3,19,36,39,41,4
4/30/2016,6,20,25,35,38,1
4/27/2016,2,9,11,12,37,3
4/23/2016,3,6,12,35,39,2
4/20/2016,14,18,26,35,37,3
4/16/2016,2,15,17,35,41,1
4/13/2016,4,25,34,37,38,5
4/9/2016,14,24,26,34,36,3
4/6/2016,2,3,8,16,18,5
4/2/2016,3,19,36,37,40,5
3/30/2016,14,21,29,31,32,2
3/26/2016,1,22,29,32,35,3
3/23/2016,15,21,30,38,41,2
3/19/2016,16,25,35,38,39,6
3/16/2016,1,10,25,31,35,4
3/12/2016,1,28,31,33,35,3
3/9/2016,12,16,22,23,34,6
3/5/2016,8,16,22,38,39,2
3/2/2016,1,19,20,29,39,4
2/27/2016,2,21,28,33,37,3
2/24/2016,10,13,15,17,22,5
2/20/2016,6,19,22,31,39,4
2/17/2016,3,4,11,13,17,6
2/13/2016,4,11,19,28,31,6
2/10/2016,3,7,26,31,41,6
2/6/2016,3,8,17,22,23,1
2/3/2016,7,14,23,31,40,2
1/30/2016,8,12,33,38,39,5
1/27/2016,2,15,30,33,35,2
1/23/2016,4,9,13,27,33,4
1/20/2016,2,12,25,28,30,3
1/16/2016,6,17,29,34,36,5
1/13/2016,9,10,25,31,34,5
1/9/2016,1,2,4,25,28,5
1/6/2016,4,5,13,26,34,1
1/2/2016,7,10,17,36,41,4
12/30/2015,10,11,18,34,41,5
12/26/2015,16,22,23,25,29,3
12/23/2015,12,19,22,23,27,5
12/19/2015,15,18,22,31,38,3
12/16/2015,3,15,16,25,41,3
12/12/2015,4,18,19,30,33,2
12/9/2015,1,3,7,12,37,5
12/5/2015,3,7,10,35,41,4
12/2/2015,2,13,14,22,30,6
11/28/2015,10,15,27,30,37,3
11/25/2015,2,4,5,12,33,6
11/21/2015,9,12,15,31,39,3
11/18/2015,8,13,19,39,41,6
11/14/2015,3,17,22,28,38,1
11/11/2015,3,17,18,28,40,6
11/7/2015,1,4,6,23,30,2
11/4/2015,8,15,16,25,40,5
10/31/2015,9,12,17,26,38,2
10/28/2015,4,14,20,26,30,5
10/24/2015,17,20,26,27,29,6
10/21/2015,14,23,27,34,37,3
10/17/2015,5,24,26,38,40,5
10/14/2015,5,14,34,36,37,3
10/10/2015,5,19,28,40,41,2
10/7/2015,2,10,11,22,28,5
10/3/2015,10,26,29,32,40,4
9/30/2015,17,20,23,27,32,1
9/26/2015,2,6,10,15,19,4
9/23/2015,6,16,29,33,40,2
9/19/2015,3,6,7,33,39,4
9/16/2015,1,3,5,15,37,3
9/12/2015,2,22,28,31,37,1
9/9/2015,4,7,19,22,26,4
9/5/2015,3,7,9,28,35,2
9/2/2015,13,27,30,32,37,6
8/29/2015,5,19,20,29,31,5
8/26/2015,3,6,7,22,29,2
8/22/2015,1,16,22,36,41,6
8/19/2015,4,7,14,30,31,5
8/15/2015,14,16,20,30,38,1
8/12/2015,1,2,17,28,38,2
8/8/2015,8,24,27,32,34,4
8/5/2015,14,18,20,37,39,3
8/1/2015,3,4,5,12,17,1
7/29/2015,8,12,18,26,33,1
7/25/2015,4,8,24,26,38,3
7/22/2015,2,17,18,30,32,5
7/18/2015,14,18,22,26,39,6
7/15/2015,7,10,18,20,32,6
7/11/2015,7,23,32,33,39,3
7/8/2015,22,24,28,39,41,3
7/4/2015,5,19,22,31,33,4
7/1/2015,3,9,21,35,36,4
6/27/2015,7,12,21,23,37,6
6/24/2015,11,14,19,28,31,1
6/20/2015,2,12,22,27,33,4
6/17/2015,7,10,11,25,40,5
6/13/2015,16,17,20,21,28,3
6/10/2015,21,22,30,31,34,4
6/6/2015,14,21,25,34,41,6
6/3/2015,9,13,27,33,38,5
5/30/2015,1,11,14,19,37,2
5/27/2015,1,2,34,39,40,2
5/23/2015,6,12,30,35,39,5
5/20/2015,3,5,8,20,26,2
5/16/2015,7,33,35,38,41,4
5/13/2015,2,4,10,21,27,1
5/9/2015,1,12,30,32,38,3
5/6/2015,6,22,31,38,39,2
5/2/2015,18,19,20,31,38,5
4/29/2015,21,26,27,28,35,6
4/25/2015,18,22,24,26,28,5
4/22/2015,16,26,28,30,39,5
4/18/2015,1,22,31,34,37,6
4/15/2015,15,23,29,39,41,6
4/11/2015,1,10,23,27,32,2
4/8/2015,4,7,10,13,38,1
4/4/2015,9,22,30,34,37,1
4/1/2015,1,12,16,29,34,6
3/28/2015,17,19,25,27,30,6
3/25/2015,5,10,23,34,35,1
3/21/2015,10,13,20,38,40,3
3/18/2015,5,16,20,29,30,3
3/14/2015,6,8,16,23,30,2
3/11/2015,4,6,16,33,39,2
3/7/2015,8,9,13,15,26,4
3/4/2015,2,12,24,37,38,3
2/28/2015,16,17,22,23,28,5
2/25/2015,3,13,14,32,33,2
2/21/2015,5,15,23,33,40,3
2/18/2015,2,5,7,25,27,4
2/14/2015,8,9,12,27,29,4
2/11/2015,3,9,22,34,38,6
2/7/2015,2,4,11,22,27,1
2/4/2015,4,6,12,27,32,6
1/31/2015,3,5,13,18,41,1
1/28/2015,9,17,35,37,40,2
1/24/2015,2,3,10,17,27,4
1/21/2015,10,20,26,34,37,1
1/17/2015,5,10,28,32,35,5
1/14/2015,5,15,24,29,33,3
1/10/2015,20,21,26,34,38,2
1/7/2015,4,11,21,23,24,2
1/3/2015,3,13,22,28,41,2
12/31/2014,5,9,24,27,37,1
12/27/2014,4,6,26,30,40,3
12/24/2014,2,6,13,39,40,5
12/20/2014,7,21,23,24,25,6
12/17/2014,8,30,31,32,33,1
12/13/2014,3,4,6,34,40,4
12/10/2014,1,5,9,24,40,4
12/6/2014,5,16,26,29,33,6
12/3/2014,2,6,21,27,37,5
11/29/2014,4,24,27,28,34,3
11/26/2014,4,6,9,13,14,4
11/22/2014,2,4,15,18,34,6
11/19/2014,6,22,23,36,40,4
11/15/2014,5,6,23,29,36,3
11/12/2014,1,16,17,37,39,3
11/8/2014,16,26,27,30,39,1
11/5/2014,15,30,38,39,40,5
11/1/2014,10,11,12,24,39,6
10/29/2014,11,15,23,29,32,4
10/25/2014,16,21,27,29,33,2
10/22/2014,2,12,30,37,40,1
10/18/2014,5,10,21,36,41,4
10/15/2014,1,4,5,7,24,2
10/11/2014,3,10,25,31,39,1
10/8/2014,3,7,23,32,36,5
10/4/2014,9,17,18,27,38,3
10/1/2014,11,21,26,27,30,4
9/27/2014,9,12,24,36,37,6
9/24/2014,6,8,25,36,41,5
9/20/2014,2,3,5,20,26,4
9/17/2014,1,30,33,35,36,3
9/13/2014,11,30,31,39,40,4
9/10/2014,4,5,23,29,30,5
9/6/2014,17,19,26,31,38,3
9/3/2014,8,15,25,27,35,6
8/30/2014,14,15,22,26,31,2
8/27/2014,6,8,14,25,39,4
8/23/2014,27,28,38,40,41,1
8/20/2014,5,7,12,22,26,5
8/16/2014,7,20,24,25,40,3
8/13/2014,18,19,22,32,34,1
8/9/2014,3,12,15,24,26,5
8/6/2014,5,18,28,38,40,1
8/2/2014,2,10,12,18,39,5
7/30/2014,2,14,17,24,37,6
7/26/2014,8,18,19,20,34,4
7/23/2014,6,31,34,37,38,5
7/19/2014,4,7,10,11,27,5
7/16/2014,6,8,9,12,29,1
7/12/2014,10,26,30,40,41,4
7/9/2014,2,11,23,39,41,1
7/5/2014,7,10,21,23,38,1
7/2/2014,4,18,19,21,26,1
6/28/2014,9,12,23,25,28,4
6/25/2014,6,18,23,35,39,6
6/21/2014,13,14,23,36,41,2
6/18/2014,1,10,29,34,39,3
6/14/2014,6,23,24,27,39,6
6/11/2014,5,13,14,22,37,1
6/7/2014,3,14,15,21,40,6
6/4/2014,2,26,29,30,40,5
5/31/2014,7,12,18,37,40,2
5/28/2014,4,10,22,34,37,6
5/24/2014,2,12,29,34,35,4
5/21/2014,7,10,15,25,34,1
5/17/2014,8,19,24,26,33,1
5/14/2014,16,21,27,36,38,6
5/10/2014,25,28,31,35,38,1
5/7/2014,6,20,21,24,41,5
5/3/2014,10,18,19,24,40,3
4/30/2014,7,8,10,11,24,4
4/26/2014,5,10,15,19,41,1
4/23/2014,4,10,13,27,37,2
4/19/2014,3,5,8,19,29,1
4/16/2014,11,15,25,33,38,1
4/12/2014,2,11,17,20,26,4
4/9/2014,3,10,24,25,38,4
4/5/2014,14,21,30,37,38,2
4/2/2014,5,11,21,33,34,1
3/29/2014,2,17,18,25,39,4
3/26/2014,11,14,21,23,41,1
3/22/2014,2,14,21,27,32,6
3/19/2014,10,18,19,34,38,1
3/15/2014,9,26,34,35,41,4
3/12/2014,16,19,31,37,39,6
3/8/2014,2,3,14,16,21,6
3/5/2014,2,13,25,31,37,2
3/1/2014,7,16,17,30,37,2
2/26/2014,3,9,11,16,29,6
2/22/2014,3,20,36,38,39,1
2/19/2014,4,11,17,18,28,2
2/15/2014,20,25,27,31,33,4
2/12/2014,1,4,5,18,41,6
2/8/2014,7,9,15,30,31,3
2/5/2014,2,9,15,31,37,2
2/1/2014,1,8,12,21,37,4
1/29/2014,1,3,11,17,36,1
1/25/2014,3,5,28,31,34,5
1/22/2014,3,9,11,19,37,6
1/18/2014,3,9,10,26,36,5
1/15/2014,8,20,33,37,40,6
1/11/2014,1,7,16,25,41,3
1/8/2014,16,22,25,34,37,4
1/4/2014,20,27,33,35,40,3
1/1/2014,7,10,11,28,33,1
12/28/2013,10,19,20,25,27,3
12/25/2013,11,12,16,22,28,4
12/21/2013,22,35,36,37,41,6
12/18/2013,6,11,20,30,31,2
12/14/2013,11,24,26,32,40,1
12/11/2013,1,15,19,21,34,2
12/7/2013,12,17,19,21,25,5
12/4/2013,5,10,12,16,35,4
11/30/2013,2,24,32,38,39,2
11/27/2013,15,25,26,31,33,2
11/23/2013,16,17,25,36,38,5
11/20/2013,1,4,7,10,31,1
11/16/2013,24,26,30,31,39,3
11/13/2013,13,16,19,34,35,6
11/9/2013,4,21,34,37,41,2
11/6/2013,2,5,10,11,12,2
11/2/2013,8,9,15,33,37,5
10/30/2013,10,11,16,24,38,5
10/26/2013,20,21,27,29,37,1
10/23/2013,3,13,18,24,25,1
10/19/2013,4,5,10,12,18,5
10/16/2013,15,18,35,36,40,5
10/12/2013,13,15,20,25,37,4
10/9/2013,4,21,31,34,38,1
10/5/2013,4,6,25,26,35,4
10/2/2013,20,21,28,33,35,6
9/28/2013,17,22,35,38,41,3
9/25/2013,5,30,31,33,36,3
9/21/2013,3,13,19,25,41,3
9/18/2013,7,9,11,20,27,1
9/14/2013,13,17,18,23,35,6
9/11/2013,12,18,21,25,40,6
9/7/2013,2,5,31,35,41,5
9/4/2013,10,12,21,30,35,1
8/31/2013,4,10,16,26,33,3
8/28/2013,12,15,16,21,36,2
8/24/2013,9,19,32,35,38,3
8/21/2013,7,15,32,34,40,2
8/17/2013,10,12,17,29,34,5
8/14/2013,4,11,18,28,29,6
8/10/2013,14,27,31,32,41,3
8/7/2013,5,9,11,25,36,2
8/3/2013,12,22,28,35,38,5
7/31/2013,4,9,32,35,40,5
7/27/2013,9,11,19,30,40,3
7/24/2013,2,14,17,21,32,1
7/20/2013,6,22,31,33,35,5
7/17/2013,5,8,13,22,35,5
7/13/2013,10,21,22,30,37,4
7/10/2013,5,19,29,30,39,6
7/6/2013,10,16,24,29,37,3
7/3/2013,24,25,27,33,41,4
6/29/2013,10,13,15,18,36,1
6/26/2013,3,11,17,32,41,6
6/22/2013,20,24,25,26,27,6
6/19/2013,3,18,19,22,31,5
6/15/2013,10,16,23,27,33,5
6/12/2013,2,10,21,32,41,4
6/8/2013,7,17,19,28,39,2
6/5/2013,7,8,9,10,13,3
6/1/2013,13,18,21,22,25,1
5/29/2013,4,7,10,15,24,4
5/25/2013,18,21,23,28,38,5
5/22/2013,4,15,21,33,35,5
5/18/2013,4,14,20,28,30,4
5/15/2013,25,32,33,34,36,4
5/11/2013,7,25,31,39,40,2
5/8/2013,3,20,29,38,39,2
5/4/2013,10,14,21,22,26,4
5/1/2013,10,21,33,37,41,6
4/27/2013,7,10,18,19,24,1
4/24/2013,11,20,26,35,36,5
4/20/2013,5,18,23,27,31,5
4/17/2013,10,21,24,27,41,6
4/13/2013,5,6,15,22,35,2
4/10/2013,21,24,31,33,41,1
4/6/2013,8,12,18,21,32,4
4/3/2013,7,15,34,37,39,6
3/30/2013,1,4,14,18,27,2
3/27/2013,4,5,9,36,39,6
3/23/2013,2,3,5,16,38,6
3/20/2013,4,7,23,31,37,2
3/16/2013,16,18,30,31,40,3
3/13/2013,12,19,21,24,30,5
3/9/2013,4,6,11,15,18,2
3/6/2013,8,20,21,31,36,5
3/2/2013,2,7,8,27,34,2
2/27/2013,1,10,23,25,33,1
2/23/2013,2,3,11,19,32,4
2/20/2013,4,6,13,14,41,3
2/16/2013,10,15,19,22,34,3
2/13/2013,2,14,18,26,30,6
2/9/2013,9,18,25,29,36,2
2/6/2013,8,20,21,26,31,4
2/2/2013,4,16,19,20,29,3
1/30/2013,6,16,33,37,40,5
1/26/2013,5,12,13,19,40,6
1/23/2013,7,13,17,18,28,5
1/19/2013,6,14,15,26,33,4
1/16/2013,23,27,31,35,38,2
1/12/2013,13,23,24,29,35,4
1/9/2013,15,21,29,33,40,4
1/5/2013,4,5,6,34,35,6
1/2/2013,1,9,10,21,27,1
12/29/2012,7,19,20,23,27,1
12/26/2012,5,9,20,22,32,5
12/22/2012,12,25,26,32,35,1
12/19/2012,12,15,18,33,35,2
12/15/2012,6,12,19,22,41,2
12/12/2012,2,7,11,20,31,2
12/8/2012,4,8,14,25,35,3
12/5/2012,5,16,23,26,40,3
12/1/2012,2,12,16,20,23,2
11/28/2012,1,6,11,22,39,3
11/24/2012,4,10,31,34,35,6
11/21/2012,2,9,31,40,41,4
11/17/2012,2,11,12,27,33,5
11/14/2012,25,27,36,37,40,4
11/10/2012,17,18,28,36,37,5
11/7/2012,5,10,25,37,38,5
11/3/2012,7,13,21,22,30,5
10/31/2012,7,9,13,14,31,5
10/27/2012,9,17,22,29,38,4
10/24/2012,3,8,16,23,26,2
10/20/2012,1,9,13,23,28,2
10/17/2012,5,9,30,33,40,5
10/13/2012,4,10,13,19,23,3
10/10/2012,3,9,13,28,31,4
10/6/2012,14,21,24,37,38,1
10/3/2012,4,7,8,14,31,4
9/29/2012,8,14,19,26,36,2
9/26/2012,6,12,20,21,33,2
9/22/2012,8,19,20,28,39,4
9/19/2012,7,24,33,34,40,6
9/15/2012,6,7,21,24,39,5
9/12/2012,2,27,31,32,35,1
9/8/2012,15,23,26,30,32,3
9/5/2012,5,9,11,16,19,3
9/1/2012,2,4,8,13,19,2
8/29/2012,2,5,6,27,37,5
8/25/2012,14,19,23,29,30,6
8/22/2012,2,5,10,11,34,1
8/18/2012,9,20,22,32,41,1
8/15/2012,6,19,27,30,33,4
8/8/2012,15,19,25,35,40,3
8/4/2012,3,6,13,19,33,1
8/1/2012,3,13,24,25,28,1
7/28/2012,3,16,21,30,33,5
7/25/2012,7,16,24,30,38,2
7/21/2012,9,25,31,32,36,2
7/18/2012,6,18,19,34,37,1
7/14/2012,8,9,20,21,41,3
7/11/2012,20,24,32,36,38,3
7/7/2012,2,13,25,30,32,4
7/4/2012,4,18,22,24,38,3
6/30/2012,16,18,20,22,36,2
6/27/2012,1,7,13,32,39,5
6/23/2012,12,13,24,26,27,6
6/20/2012,5,9,21,24,34,5
6/16/2012,14,17,19,24,40,2
6/13/2012,5,8,29,30,36,6
6/9/2012,5,11,20,28,41,4
6/6/2012,11,15,32,36,41,6
6/2/2012,3,15,22,31,39,5
5/30/2012,13,18,23,33,37,2
5/26/2012,7,25,26,35,38,1
5/23/2012,11,18,33,38,40,6
5/19/2012,5,10,21,24,37,5
5/16/2012,1,13,26,30,36,4
5/12/2012,9,11,34,35,38,4
5/9/2012,2,16,32,40,41,6
5/5/2012,2,7,8,19,39,3
5/2/2012,19,21,31,35,36,1
4/28/2012,6,13,18,29,40,2
4/25/2012,5,13,22,25,26,5
4/21/2012,12,15,20,23,38,1
4/18/2012,1,8,21,25,30,5
4/14/2012,1,11,19,30,32,1
4/11/2012,11,17,26,34,36,3
4/7/2012,4,6,13,21,36,3
4/4/2012,14,17,27,37,39,1
3/31/2012,4,19,26,27,36,5
3/28/2012,5,9,29,37,38,5
3/24/2012,1,14,15,33,41,3
3/21/2012,5,6,19,30,41,1
3/17/2012,6,28,33,37,41,5
3/14/2012,18,30,34,35,36,2
3/10/2012,14,20,27,28,36,1
3/7/2012,4,6,7,13,18,6
3/3/2012,7,17,34,37,40,3
2/29/2012,1,9,26,35,41,5
2/25/2012,3,13,19,21,26,3
2/22/2012,9,14,17,21,40,6
2/18/2012,5,9,25,28,35,4
2/15/2012,14,26,31,33,39,1
2/11/2012,4,6,17,26,32,5
2/8/2012,2,4,9,14,17,3
2/4/2012,14,29,30,34,35,6
2/1/2012,4,5,16,25,41,3
1/28/2012,1,16,24,25,39,4
1/25/2012,1,11,23,33,40,3
1/21/2012,13,19,23,27,40,2
1/18/2012,13,17,18,19,26,6
1/14/2012,12,25,27,30,37,1
1/11/2012,11,17,21,39,40,5
1/7/2012,19,22,23,24,35,5
1/4/2012,15,20,25,31,37,5
12/31/2011,3,5,6,19,30,1
12/28/2011,11,17,19,29,31,6
12/24/2011,3,6,10,20,25,4
12/21/2011,8,32,33,40,41,6
12/17/2011,16,17,18,28,41,6
12/14/2011,4,7,9,22,40,2
12/10/2011,7,13,18,22,34,4
12/7/2011,3,7,11,14,16,2
12/3/2011,6,13,21,23,41,2
11/30/2011,18,21,30,31,35,6
11/26/2011,5,19,37,39,40,2
11/23/2011,2,9,34,37,40,6
11/19/2011,7,22,24,26,36,6
11/16/2011,3,8,12,16,32,2
11/12/2011,1,8,20,26,35,1
11/9/2011,12,17,20,28,34,2
11/5/2011,9,11,20,21,25,2
11/2/2011,2,14,26,31,32,6
10/29/2011,2,16,29,30,33,4
10/26/2011,10,20,30,31,33,4
10/22/2011,8,12,26,31,32,2
10/19/2011,1,4,23,30,39,6
10/15/2011,1,2,3,17,18,2
10/12/2011,4,12,23,30,36,2
10/8/2011,8,9,24,28,30,1
10/5/2011,2,16,21,29,33,6
10/1/2011,17,18,22,28,33,1
9/28/2011,1,11,15,27,31,5
9/24/2011,19,20,28,32,34,5
9/21/2011,3,18,22,28,34,3
9/17/2011,8,15,22,30,32,1
9/14/2011,19,21,23,26,38,6
9/10/2011,2,8,17,20,38,2
9/7/2011,6,12,15,26,38,3
9/3/2011,2,20,27,31,38,6
8/31/2011,2,7,11,27,35,5
8/27/2011,4,13,21,24,36,5
8/24/2011,3,9,15,18,32,1
8/20/2011,8,15,20,26,32,6
8/17/2011,2,12,13,16,39,1
8/13/2011,11,29,31,35,36,3
8/10/2011,2,26,36,38,40,5
8/6/2011,4,18,21,24,28,1
8/3/2011,19,23,27,29,40,2
7/30/2011,5,6,28,29,40,4
7/27/2011,8,11,23,29,30,1
7/23/2011,1,9,21,24,37,6
7/20/2011,5,11,18,25,33,2
7/16/2011,2,26,29,32,34,6
7/13/2011,10,14,26,27,28,3
7/9/2011,5,11,27,30,35,3
7/6/2011,1,14,17,33,34,2
7/2/2011,3,8,13,28,32,1
6/29/2011,8,12,18,26,34,2
6/25/2011,2,7,15,17,18,3
6/22/2011,5,11,12,33,36,1
6/18/2011,12,20,26,27,41,3
6/15/2011,15,17,27,29,31,6
6/11/2011,3,13,21,35,40,3
6/8/2011,4,7,15,22,34,1
6/4/2011,6,10,14,17,26,3
6/1/2011,14,15,23,29,38,4
5/28/2011,3,15,18,29,41,6
5/25/2011,12,17,20,27,34,3
5/21/2011,3,13,21,22,40,5
5/18/2011,1,10,22,36,38,2
5/14/2011,4,5,6,8,26,4
5/11/2011,7,18,21,26,33,1
5/7/2011,1,4,9,18,30,3
5/4/2011,5,10,11,18,34,2
4/30/2011,10,13,23,29,32,6
4/27/2011,1,9,13,19,25,3
4/23/2011,4,26,34,36,41,6
4/20/2011,3,8,14,24,39,2
4/16/2011,20,24,26,27,36,6
4/13/2011,4,7,10,33,38,4
4/9/2011,1,5,6,14,32,5
4/6/2011,3,12,37,40,41,2
4/2/2011,7,10,18,27,34,5
3/30/2011,8,9,10,19,40,4
3/26/2011,6,8,31,33,40,6
3/23/2011,5,6,8,17,29,4
3/19/2011,14,25,34,38,41,4
3/16/2011,2,8,26,28,32,2
3/12/2011,3,4,5,17,22,6
3/9/2011,2,9,25,30,35,5
3/5/2011,6,13,22,24,27,5
3/2/2011,8,28,32,37,38,1
2/26/2011,4,5,20,33,40,5
2/23/2011,12,19,20,38,40,1
2/19/2011,4,7,11,18,25,3
2/16/2011,1,21,22,31,41,4
2/12/2011,1,4,16,18,38,3
2/9/2011,8,10,16,36,41,2
2/5/2011,8,10,17,25,29,4
2/2/2011,7,15,18,26,30,2
1/29/2011,13,31,36,40,41,5
1/26/2011,5,7,9,22,39,4
1/22/2011,11,21,31,36,39,3
1/19/2011,4,27,30,39,41,2
1/15/2011,2,6,10,21,32,1
1/12/2011,3,16,18,39,40,2
1/8/2011,14,27,30,32,37,4
1/5/2011,12,13,25,28,35,5
1/1/2011,12,13,24,28,38,4
12/29/2010,6,15,19,32,40,3
12/25/2010,1,17,29,33,38,2
12/22/2010,7,11,13,24,31,3
12/18/2010,4,10,35,37,40,2
12/15/2010,1,8,28,30,37,3
12/11/2010,1,12,13,29,40,2
12/8/2010,2,6,13,15,35,4
12/4/2010,3,7,9,32,37,1
12/1/2010,19,25,28,29,32,1
11/27/2010,22,23,30,31,34,1
11/24/2010,3,17,28,30,36,4
11/20/2010,1,22,30,35,40,5
11/17/2010,11,17,18,26,41,5
11/13/2010,3,21,25,27,36,1
11/10/2010,1,3,16,21,39,4
11/6/2010,1,12,19,26,31,5
11/3/2010,2,13,15,22,27,1
10/30/2010,22,30,31,34,38,2
10/27/2010,1,15,17,22,36,6
10/23/2010,9,14,17,23,26,4
10/20/2010,6,12,21,26,33,5
10/16/2010,3,6,17,28,29,5
10/13/2010,3,13,20,27,34,5
10/9/2010,4,5,16,23,33,2
10/6/2010,6,28,31,37,39,3
10/2/2010,1,9,12,27,30,3
9/29/2010,6,12,19,24,28,6
9/25/2010,5,8,15,20,34,2
9/22/2010,3,23,24,32,39,1
9/18/2010,3,9,35,37,38,6
9/15/2010,6,9,11,28,39,2
9/11/2010,6,8,15,21,22,1
9/8/2010,6,29,30,34,35,1
9/4/2010,10,15,17,24,36,1
9/1/2010,8,17,18,31,35,6
8/28/2010,2,21,24,27,34,4
8/25/2010,1,12,16,30,38,5
8/21/2010,6,10,16,21,24,3
8/18/2010,6,9,11,20,23,5
8/14/2010,2,20,23,25,32,1
8/11/2010,11,24,27,29,30,2
8/7/2010,1,3,20,21,26,4
8/4/2010,8,9,12,20,35,4
7/31/2010,13,19,26,31,32,1
7/28/2010,13,30,31,34,41,6
7/24/2010,6,15,18,20,38,4
7/21/2010,5,8,16,33,34,5
7/17/2010,1,4,19,22,24,6
7/14/2010,3,12,14,31,33,6
7/10/2010,3,8,17,36,39,3
7/7/2010,1,6,9,12,21,5
7/3/2010,4,14,21,23,29,6
6/30/2010,16,22,28,31,36,4
6/26/2010,20,27,28,30,38,5
6/23/2010,1,15,19,34,40,1
6/19/2010,2,13,24,25,27,6
6/16/2010,1,5,13,22,38,6
6/12/2010,12,14,32,36,41,6
6/9/2010,1,3,13,27,32,3
6/5/2010,4,23,32,33,35,2
6/2/2010,2,8,9,23,40,3
5/29/2010,9,10,17,22,29,4
5/26/2010,4,20,27,34,36,4
5/22/2010,7,15,33,34,40,3
5/19/2010,9,14,21,27,40,5
5/15/2010,2,9,13,26,37,4
5/12/2010,2,11,15,18,23,5
5/8/2010,6,16,18,25,38,1
5/5/2010,3,17,26,28,35,2
5/1/2010,7,21,23,24,25,6
4/28/2010,5,9,20,28,39,2
4/24/2010,1,14,18,27,32,2
4/21/2010,5,11,17,22,24,5
4/17/2010,14,18,28,29,33,1
4/14/2010,5,23,34,35,41,6
4/10/2010,17,27,29,30,38,5
4/7/2010,3,8,16,32,37,3
